{
    "genome": {
        "rsi_buy": 55.60923040190517,
        "rsi_sell": 90.0,
        "stop_loss": 0.017266945240908167,
        "take_profit": 0.064753632967533,
        "use_satellite": true,
        "sat_rvol": 3.243273075326945,
        "sat_bb_expand": 0.05356163725550169,
        "leverage_cap": 4.6817609820685115,
        "trailing_activation": 0.052928575410214056,
        "trailing_distance": 0.005
    },
    "final_equity": 363.3909765538945,
    "roi": 0.21130325517964826,
    "win_rate": 0.737300435413643,
    "trades": 2756,
    "max_dd": 0.6521459945529513,
    "sharpe": 13.955145671117966,
    "sortino": 17.566031189395286,
    "fitness": 0.030124514824163708,
    "validation_roi": 0.0,
    "validation_trades": 0,
    "test_score": 1.0,
    "violation": false,
    "timestamp": 1769300506.1406913,
    "source_island": "\ud83c\udfdd\ufe0f Darwin's Rock"
}