{"daily_start_balance": 315.99601248340065, "last_day_reset": 1769367080.8414745}