{"daily_start_balance": 351.2855304158738, "last_day_reset": 1768934250.9358423}