{"daily_start_balance": 25.592200000000002, "last_day_reset": 1768017157.353605}