{
    "genome": {
        "rsi_buy": 23.92532031735059,
        "rsi_sell": 65.12695350550923,
        "stop_loss": 0.01405268490919357,
        "take_profit": 0.03299883819536317,
        "use_satellite": true,
        "sat_rvol": 2.64121554273853,
        "sat_bb_expand": 0.1025093166897376,
        "leverage_cap": 5.0,
        "trailing_activation": 1.2925618242865546,
        "trailing_distance": 0.3373096182287576
    },
    "final_equity": 19.459903377827562,
    "roi": 0.08714544010209851,
    "win_rate": 0.5833333333333334,
    "trades": 12,
    "max_dd": 0.08263572923935801,
    "entropy": 0.0,
    "test_score": 0.1,
    "fitness": 19.459903377827562
}